{
  "schemaVersion": 1,
  "id": "block_permission_control",
  "version": "1.0.0",
  "name": "Block Permission Control",
  "description": "Only allows breaking specific blocks in survival mode and disables bed interaction.",
  "authors": ["ChatGPT"],
  "contact": {},
  "license": "MIT",
  "environment": "*",
  "entrypoints": {
    "main": [
      "com.example.blockpermissioncontrol.BlockPermissionControl"
    ]
  },
  "depends": {
    "fabricloader": ">=0.14.21",
    "fabric": "*",
    "minecraft": "1.21.x"
  }
}
